base_model,model,experiment,top1_accuracy,average_spearman,average_weighted_accuracy
open_clip,ViT-B-32,Baseline (Sentences),0.7428571428571429,0.4514285714285714,0.612857142857143
open_clip,ViT-B-32,NC-Only,0.4,0.19142857142857136,0.3342857142857142
open_clip,ViT-B-32,GPT Prompt 1,0.7142857142857143,0.2457142857142857,0.5299999999999998
open_clip,ViT-B-32,GPT Prompt 2,0.7571428571428571,0.21999999999999997,0.5442857142857142
open_clip,ViT-B-32,GPT Prompt 3,0.6285714285714286,0.2828571428571428,0.48714285714285704
open_clip,ViT-B-32,GPT Prompt 3 with nc for literal,0.2571428571428571,0.2228571428571428,0.25285714285714284
open_clip,ViT-B-32,GPT Prompt 3 with sentence for literal,0.2571428571428571,0.2228571428571428,0.25285714285714284
